Route ID,average time,# of schools
1,1808.357,5
2,2204.073,4
3,1038.251,4
4,1454.24,4
5,2324.448,4
6,1589.341429,3
7,1837.804286,3
8,1334.064286,3
,1698.822375,
